date,total,android,windows,releases
2026-09-20,12,7,5,22
2026-09-21,13,8,5,22
2026-09-22,19,10,9,22
2026-09-23,20,10,10,22
2026-09-24,20,10,10,22
2026-09-25,20,10,10,22
2026-09-26,20,10,10,22
2026-09-27,21,11,10,22
2026-09-28,22,12,10,22
2026-09-29,25,15,10,22
2026-09-30,25,15,10,22
2026-10-01,25,15,10,22
2026-10-02,25,15,10,22
2026-10-03,25,15,10,22
2026-10-04,25,15,10,22
2026-10-05,25,15,10,22
2026-10-06,25,15,10,22
2026-10-07,25,15,10,22
2026-10-08,25,15,10,22
2026-10-09,25,15,10,22
